gene_symbol,gene_id
7SK,0
A2M,1
A2ML1,2
A2MP1,3
AADACP1,4
ABCA10,5
ABCA12,6
ABCA13,7
ABCA6,8
ABCA8,9
ABCA9,10
ABCA9-AS1,11
ABCB1,12
ABCB10P4,13
ABCB11,14
ABCB5,15
ABCC13,16
ABCC9,17
ABI3BP,18
ABLIM2,19
ABLIM3,20
ABTB2,21
ABTB3,22
ACADL,23
ACE2,24
ACER2,25
ACKR1,26
ACKR3,27
ACOXL,28
ACSL1,29
ACSM2B,30
ACSM3,31
ACTA1,32
ACTA2,33
ACTBP8,34
ACTC1,35
ACTG1P13,36
ACTG2,37
ACTN2,38
ADAM12,39
ADAM22,40
ADAM23,41
ADAM28,42
ADAM29,43
ADAM7-AS1,44
ADAMTS1,45
ADAMTS12,46
ADAMTS17,47
ADAMTS18,48
ADAMTS19,49
ADAMTS3,50
ADAMTS4,51
ADAMTS5,52
ADAMTS6,53
ADAMTS9,54
ADAMTS9-AS1,55
ADAMTS9-AS2,56
ADAMTSL1,57
ADAMTSL3,58
ADARB2,59
ADCY2,60
ADCYAP1,61
ADGRB3,62
ADGRD1,63
ADGRE2,64
ADGRE3,65
ADGRF5,66
ADGRF5-AS1,67
ADGRG2,68
ADGRG3,69
ADGRG5,70
ADGRG6,71
ADGRL3,72
ADGRL4,73
ADGRV1,74
ADH1B,75
ADH1C,76
ADI1P1,77
ADIRF,78
ADM,79
ADRA1A,80
ADRA2A,81
AFF2,82
AGA-DT,83
AGBL1,84
AGBL3,85
AGBL4,86
AGMO,87
AGT,88
AGTR1,89
AHSP,90
AIF1,91
AIF1L,92
AIRE,93
AK5,94
AKAP12,95
AKAP6,96
ALAS2,97
ALCAM,98
ALDH1A1,99
ALDH1A2,100
ALDH1A3,101
ALG1L3P,102
ALKAL2,103
ALOX12P2,104
ALOX5,105
ALPL,106
ANGPT1,107
ANGPT4,108
ANGPTL4,109
ANGPTL7,110
ANK1,111
ANK2,112
ANKFN1,113
ANKRD1,114
ANKRD18A,115
ANKRD2,116
ANKRD29,117
ANKRD33B,118
ANKRD33BP5,119
ANKRD36BP2,120
ANKRD55,121
ANKS1B,122
ANO1,123
ANO2,124
ANO3,125
ANO5,126
ANXA3,127
ANXA8,128
AOAH,129
AOX2P,130
AP3S1P1,131
APBA1,132
APCDD1,133
APLNR,134
APOC1,135
APOD,136
APOE,137
AQP1,138
AQP4-AS1,139
AQP7,140
AQP9,141
ARC,142
AREG,143
ARG1,144
ARHGAP20,145
ARHGAP31,146
ARHGEF17,147
ARHGEF28,148
ARL5C,149
ARMC8P1,150
ARPP21,151
ARPP21-AS1,152
ARSB,153
ASB5,154
ASCL1,155
ASIC2,156
ASPM,157
ASPN,158
ASTL,159
ASTN2,160
ATF3,161
ATOH8,162
ATP1A2,163
ATP2A1,164
ATP5F1AP1,165
ATP5MC2P2,166
ATP8A2,167
ATP8B4,168
ATRNL1,169
AVPR1A,170
AZU1,171
B3GALT1,172
B3GAT1,173
B3GNT5,174
B4GALNT3,175
BAGE2,176
BANF1P5,177
BANK1,178
BARX2,179
BASP1,180
BATF,181
BBOX1-AS1,182
BCAT1,183
BCL10-AS1,184
BCL11A,185
BCL2A1,186
BCYRN1,187
BEST2,188
BEST3,189
BEX1,190
BFSP2,191
BFSP2-AS1,192
BGN,193
BICC1,194
BICDL1,195
BLK,196
BLNK,197
BMP2,198
BMP5,199
BMP6,200
BMPER,201
BMPR1B,202
BMS1P10,203
BMX,204
BPI,205
BRINP1,206
BRINP3,207
BRIP1,208
BTLA,209
BTNL8,210
BTNL9,211
C10orf90,212
C11orf96,213
C12orf75,214
C15orf48,215
C17orf58,216
C19orf33,217
C1QA,218
C1QB,219
C1QC,220
C1QTNF1,221
C1R,222
C2CD4B,223
C3,224
C3AR1,225
C5AR1,226
C5AR2,227
C7,228
C8orf34,229
C9,230
CA1,231
CA10,232
CA2,233
CA3,234
CA4,235
CA8,236
CABCOCO1,237
CACHD1,238
CACNA1A,239
CACNA1C,240
CACNA1E,241
CACNA2D3,242
CACNB2,243
CADM1,244
CADM2,245
CADPS,246
CALB2,247
CALCA,248
CALCR,249
CALCRL,250
CALCRL-AS1,251
CALML3,252
CALML5,253
CALN1,254
CAP2,255
CAPSL,256
CARMIL1,257
CARMN,258
CASC15,259
CASC19,260
CASC9,261
CASKP1,262
CASQ2,263
CAV1,264
CAVIN2,265
CAVIN2-AS1,266
CAVIN4,267
CBX3P8,268
CC2D2B,269
CCBE1,270
CCDC102B,271
CCDC121P1,272
CCDC13-AS1,273
CCDC141,274
CCDC171,275
CCDC177,276
CCDC178,277
CCDC181,278
CCDC26,279
CCDC3,280
CCDC60,281
CCDC68,282
CCDC80,283
CCL14,284
CCL18,285
CCL19,286
CCL2,287
CCL20,288
CCL21,289
CCL23,290
CCL26,291
CCL3,292
CCL3-AS1,293
CCL3L3,294
CCL4,295
CCL4L2,296
CCL5,297
CCL7,298
CCL8,299
CCN1,300
CCN2,301
CCN3,302
CCN5,303
CCND1,304
CCND3P2,305
CCNJL,306
CCR3,307
CCR9,308
CCSER1,309
CD109,310
CD14,311
CD163,312
CD163L1,313
CD177,314
CD1A,315
CD1E,316
CD22,317
CD24,318
CD248,319
CD300LG,320
CD36,321
CD38,322
CD5L,323
CD70,324
CD79A,325
CD83,326
CD86,327
CD8A,328
CD8B,329
CD9,330
CDA,331
CDCP1,332
CDH11,333
CDH12,334
CDH13,335
CDH16,336
CDH18,337
CDH19,338
CDH2,339
CDH20,340
CDH5,341
CDH6,342
CDIN1,343
CDK15,344
CDK6-AS1,345
CEACAM1,346
CEACAM6,347
CEACAM8,348
CECR2,349
CEMIP,350
CENPF,351
CERKL,352
CETP,353
CFAP299,354
CFAP418-AS1,355
CFAP47,356
CFAP53P1,357
CFAP58,358
CFAP61,359
CFAP74,360
CFD,361
CH25H,362
CHI3L1,363
CHL1,364
CHMP1B2P,365
CHN1,366
CHODL,367
CHRM3,368
CHSY3,369
CICP23,370
CILP,371
CKB,372
CKM,373
CLC,374
CLDN1,375
CLDN10,376
CLDN10-AS1,377
CLDN3,378
CLDN4,379
CLDN5,380
CLEC12A,381
CLEC14A,382
CLEC1A,383
CLEC4D,384
CLEC4E,385
CLEC4OP,386
CLEC5A,387
CLEC7A,388
CLECL1P,389
CLIC3,390
CLIC5,391
CLK3P2,392
CLMN,393
CLNK,394
CLSTN2,395
CLTCL1,396
CLU,397
CLVS1,398
CMA1,399
CMTM2,400
CMYA5,401
CNBD1,402
CNGA1,403
CNGA2,404
CNKSR3,405
CNN1,406
CNR1,407
CNR2,408
CNTN1,409
CNTN3,410
CNTN4,411
CNTN5,412
CNTNAP2,413
CNTNAP3,414
CNTNAP3B,415
CNTNAP3C,416
CNTNAP3P2,417
CNTNAP5,418
COBL,419
COL12A1,420
COL14A1,421
COL15A1,422
COL19A1,423
COL1A1,424
COL1A2,425
COL21A1,426
COL23A1,427
COL24A1,428
COL25A1,429
COL28A1,430
COL3A1,431
COL4A1,432
COL4A2,433
COL4A3,434
COL4A4,435
COL4A5,436
COL5A2,437
COL5A3,438
COL6A3,439
COL8A1,440
COLEC12,441
COMP,442
COX10-DT,443
COX4I2,444
COX6A1P6,445
COX6A2,446
CP,447
CPA3,448
CPA6,449
CPAMD8,450
CPB1,451
CPE,452
CPED1,453
CPM,454
CPNE4,455
CPPED1,456
CPVL,457
CPXM2,458
CR1,459
CR1L,460
CRACD,461
CRAT37,462
CREB5,463
CRIM1,464
CRIP1,465
CRISP3,466
CRISPLD1,467
CRISPLD2,468
CRLF1,469
CRPPA,470
CRTAM,471
CRYAB,472
CSF1R,473
CSF2,474
CSF3,475
CSF3R,476
CSMD1,477
CSMD2,478
CSMD3,479
CSRNP3,480
CSRP1,481
CSRP2,482
CSRP3,483
CST7,484
CST8,485
CTBP2P1,486
CTDSPL,487
CTHRC1,488
CTLA4,489
CTNNA2,490
CTNNA3,491
CTNND2,492
CTSB,493
CTSG,494
CTSK,495
CTSV,496
CTSW,497
CTTNBP2,498
CUX2,499
CX3CL1,500
CX3CR1,501
CXCL1,502
CXCL12,503
CXCL13,504
CXCL14,505
CXCL2,506
CXCL3,507
CXCL8,508
CXCL9,509
CXCR1,510
CXCR2,511
CXCR6,512
CXXC4-AS1,513
CYB5AP5,514
CYBB,515
CYCSP25,516
CYP1A1,517
CYP1B1,518
CYP26A1,519
CYP4B1,520
CYP4F3,521
CYP7B1,522
CYTL1,523
CYYR1,524
CYYR1-AS1,525
DAAM2,526
DAB1,527
DACH1,528
DACH2,529
DANT2,530
DAPK1,531
DAPK2,532
DCC,533
DCHS2,534
DCLK1,535
DCLK2,536
DCX,537
DDAH1,538
DDR2,539
DDX43P3,540
DEFA1,541
DEFA3,542
DEFA4,543
DEFA8P,544
DEFB1,545
DELEC1,546
DENND2A,547
DEPP1,548
DEPTOR,549
DERL3,550
DES,551
DGKB,552
DGKG,553
DGKI,554
DHRS9,555
DIAPH3,556
DIO2,557
DIPK2B,558
DIRC3,559
DISC1FP1,560
DKK1,561
DKK2,562
DLEU7,563
DLG2,564
DLGAP1,565
DLGAP1-AS5,566
DLGAP2,567
DLK1,568
DMBX1,569
DMD,570
DMXL2,571
DNAH11,572
DNAH8,573
DNAJC27,574
DNASE1L3,575
DNER,576
DNTT,577
DOC2B,578
DOCK3,579
DOCK5,580
DOK6,581
DOP1B,582
DPF3,583
DPP10,584
DPP3P1,585
DPP6,586
DPY19L1P1,587
DPYS,588
DSEL-AS1,589
DSG1-AS1,590
DSG2,591
DSTN,592
DTHD1,593
DTNA,594
DUOXA2,595
DUSP2,596
DUSP4,597
DUSP6,598
DYNC1I1,599
DYNLRB2-AS1,600
DYNLT5,601
DYSF,602
E2F3,603
EAF2,604
EBF2,605
ECRG4,606
ECSCR,607
EDA,608
EDIL3,609
EDN1,610
EDNRA,611
EDNRB,612
EEF1A2,613
EEF1DP8,614
EEPD1,615
EFEMP1,616
EFNA5,617
EFNB2,618
EGFEM1P,619
EGFL7,620
EGFLAM,621
EGFLAM-AS3,622
EGR3,623
EIF1B-AS1,624
ELANE,625
ELAPOR1,626
ELN,627
ELOCP20,628
ELOVL6,629
ELOVL7,630
EMCN,631
EMILIN2,632
EML2-AS1,633
EML6,634
EN2-DT,635
ENO3,636
ENOX1,637
ENPEP,638
ENPP1,639
ENPP2,640
ENSG00000150732,641
ENSG00000181123,642
ENSG00000188897,643
ENSG00000189229,644
ENSG00000196390,645
ENSG00000197585,646
ENSG00000203396,647
ENSG00000204429,648
ENSG00000213655,649
ENSG00000214942,650
ENSG00000217576,651
ENSG00000222042,652
ENSG00000223623,653
ENSG00000223727,654
ENSG00000223786,655
ENSG00000223838,656
ENSG00000224174,657
ENSG00000224610,658
ENSG00000224661,659
ENSG00000224814,660
ENSG00000224905,661
ENSG00000225087,662
ENSG00000225096,663
ENSG00000225480,664
ENSG00000225689,665
ENSG00000225718,666
ENSG00000225885,667
ENSG00000226043,668
ENSG00000226149,669
ENSG00000226197,670
ENSG00000226206,671
ENSG00000226238,672
ENSG00000226571,673
ENSG00000226890,674
ENSG00000226919,675
ENSG00000226965,676
ENSG00000226994,677
ENSG00000227033,678
ENSG00000227088,679
ENSG00000227217,680
ENSG00000227240,681
ENSG00000227330,682
ENSG00000227498,683
ENSG00000227531,684
ENSG00000227598,685
ENSG00000227803,686
ENSG00000227857,687
ENSG00000227863,688
ENSG00000228033,689
ENSG00000228064,690
ENSG00000228430,691
ENSG00000228484,692
ENSG00000228541,693
ENSG00000228566,694
ENSG00000228697,695
ENSG00000228771,696
ENSG00000229015,697
ENSG00000229308,698
ENSG00000229418,699
ENSG00000229618,700
ENSG00000229747,701
ENSG00000229985,702
ENSG00000230258,703
ENSG00000230309,704
ENSG00000230333,705
ENSG00000230471,706
ENSG00000230492,707
ENSG00000230773,708
ENSG00000231143,709
ENSG00000231236,710
ENSG00000231424,711
ENSG00000231482,712
ENSG00000231606,713
ENSG00000231713,714
ENSG00000231772,715
ENSG00000231873,716
ENSG00000231990,717
ENSG00000232053,718
ENSG00000232252,719
ENSG00000232494,720
ENSG00000232633,721
ENSG00000232667,722
ENSG00000232855,723
ENSG00000233139,724
ENSG00000233251,725
ENSG00000233358,726
ENSG00000233363,727
ENSG00000233420,728
ENSG00000233928,729
ENSG00000234147,730
ENSG00000234156,731
ENSG00000234261,732
ENSG00000234352,733
ENSG00000234406,734
ENSG00000234424,735
ENSG00000234426,736
ENSG00000234436,737
ENSG00000234862,738
ENSG00000235435,739
ENSG00000235537,740
ENSG00000235572,741
ENSG00000235902,742
ENSG00000236045,743
ENSG00000236283,744
ENSG00000236656,745
ENSG00000236701,746
ENSG00000237002,747
ENSG00000237070,748
ENSG00000237311,749
ENSG00000237312,750
ENSG00000237525,751
ENSG00000237773,752
ENSG00000237813,753
ENSG00000237844,754
ENSG00000237947,755
ENSG00000238724,756
ENSG00000239739,757
ENSG00000240033,758
ENSG00000240040,759
ENSG00000240499,760
ENSG00000240521,761
ENSG00000240895,762
ENSG00000242593,763
ENSG00000242816,764
ENSG00000242880,765
ENSG00000243273,766
ENSG00000243276,767
ENSG00000243620,768
ENSG00000243885,769
ENSG00000244137,770
ENSG00000247324,771
ENSG00000248242,772
ENSG00000248515,773
ENSG00000248636,774
ENSG00000248647,775
ENSG00000248749,776
ENSG00000248752,777
ENSG00000248969,778
ENSG00000248977,779
ENSG00000248994,780
ENSG00000249061,781
ENSG00000249240,782
ENSG00000249631,783
ENSG00000249738,784
ENSG00000249776,785
ENSG00000249792,786
ENSG00000249806,787
ENSG00000249856,788
ENSG00000249881,789
ENSG00000250195,790
ENSG00000250243,791
ENSG00000250430,792
ENSG00000250453,793
ENSG00000250458,794
ENSG00000250532,795
ENSG00000250602,796
ENSG00000250697,797
ENSG00000250781,798
ENSG00000250978,799
ENSG00000251095,800
ENSG00000251139,801
ENSG00000251170,802
ENSG00000251199,803
ENSG00000251309,804
ENSG00000251352,805
ENSG00000251388,806
ENSG00000251426,807
ENSG00000251438,808
ENSG00000251574,809
ENSG00000251598,810
ENSG00000253100,811
ENSG00000253176,812
ENSG00000253194,813
ENSG00000253295,814
ENSG00000253474,815
ENSG00000253496,816
ENSG00000253553,817
ENSG00000253557,818
ENSG00000253573,819
ENSG00000253619,820
ENSG00000253642,821
ENSG00000253706,822
ENSG00000253717,823
ENSG00000253775,824
ENSG00000253796,825
ENSG00000253853,826
ENSG00000253901,827
ENSG00000253939,828
ENSG00000253947,829
ENSG00000254006,830
ENSG00000254069,831
ENSG00000254092,832
ENSG00000254186,833
ENSG00000254303,834
ENSG00000254394,835
ENSG00000254538,836
ENSG00000254753,837
ENSG00000254777,838
ENSG00000255029,839
ENSG00000255132,840
ENSG00000255202,841
ENSG00000255240,842
ENSG00000255801,843
ENSG00000255910,844
ENSG00000256417,845
ENSG00000256947,846
ENSG00000257045,847
ENSG00000257191,848
ENSG00000257221,849
ENSG00000257228,850
ENSG00000257256,851
ENSG00000257275,852
ENSG00000257405,853
ENSG00000257470,854
ENSG00000257496,855
ENSG00000257514,856
ENSG00000257764,857
ENSG00000257826,858
ENSG00000257884,859
ENSG00000257894,860
ENSG00000258231,861
ENSG00000258411,862
ENSG00000258426,863
ENSG00000258526,864
ENSG00000258561,865
ENSG00000258663,866
ENSG00000258666,867
ENSG00000258750,868
ENSG00000258760,869
ENSG00000259035,870
ENSG00000259048,871
ENSG00000259072,872
ENSG00000259097,873
ENSG00000259124,874
ENSG00000259278,875
ENSG00000259345,876
ENSG00000259360,877
ENSG00000259870,878
ENSG00000260021,879
ENSG00000260070,880
ENSG00000260217,881
ENSG00000260289,882
ENSG00000260505,883
ENSG00000260624,884
ENSG00000260664,885
ENSG00000260719,886
ENSG00000260797,887
ENSG00000261232,888
ENSG00000261638,889
ENSG00000261763,890
ENSG00000261795,891
ENSG00000261826,892
ENSG00000261889,893
ENSG00000262011,894
ENSG00000262141,895
ENSG00000263342,896
ENSG00000263551,897
ENSG00000263594,898
ENSG00000263655,899
ENSG00000263745,900
ENSG00000264015,901
ENSG00000265356,902
ENSG00000265751,903
ENSG00000265781,904
ENSG00000265980,905
ENSG00000265995,906
ENSG00000266378,907
ENSG00000266602,908
ENSG00000266846,909
ENSG00000266932,910
ENSG00000267011,911
ENSG00000267098,912
ENSG00000267320,913
ENSG00000267335,914
ENSG00000268240,915
ENSG00000269446,916
ENSG00000270087,917
ENSG00000270240,918
ENSG00000270369,919
ENSG00000270571,920
ENSG00000270835,921
ENSG00000270937,922
ENSG00000271239,923
ENSG00000271860,924
ENSG00000271893,925
ENSG00000271933,926
ENSG00000271945,927
ENSG00000271959,928
ENSG00000272558,929
ENSG00000273118,930
ENSG00000273558,931
ENSG00000274441,932
ENSG00000274767,933
ENSG00000274892,934
ENSG00000275119,935
ENSG00000275443,936
ENSG00000275527,937
ENSG00000275728,938
ENSG00000275773,939
ENSG00000276241,940
ENSG00000277544,941
ENSG00000277654,942
ENSG00000277711,943
ENSG00000278035,944
ENSG00000278464,945
ENSG00000278681,946
ENSG00000278907,947
ENSG00000278931,948
ENSG00000279104,949
ENSG00000279201,950
ENSG00000279299,951
ENSG00000279317,952
ENSG00000279511,953
ENSG00000280241,954
ENSG00000280307,955
ENSG00000280317,956
ENSG00000280878,957
ENSG00000281955,958
ENSG00000282890,959
ENSG00000283234,960
ENSG00000283240,961
ENSG00000283273,962
ENSG00000283380,963
ENSG00000283415,964
ENSG00000283692,965
ENSG00000284263,966
ENSG00000284418,967
ENSG00000284695,968
ENSG00000284745,969
ENSG00000284931,970
ENSG00000284959,971
ENSG00000284999,972
ENSG00000285095,973
ENSG00000285190,974
ENSG00000285498,975
ENSG00000285520,976
ENSG00000285534,977
ENSG00000285557,978
ENSG00000285572,979
ENSG00000285575,980
ENSG00000285579,981
ENSG00000285582,982
ENSG00000285611,983
ENSG00000285639,984
ENSG00000285679,985
ENSG00000285691,986
ENSG00000285708,987
ENSG00000285741,988
ENSG00000285748,989
ENSG00000285751,990
ENSG00000285801,991
ENSG00000285811,992
ENSG00000285835,993
ENSG00000285842,994
ENSG00000285848,995
ENSG00000285876,996
ENSG00000285899,997
ENSG00000285939,998
ENSG00000285941,999
ENSG00000285945,1000
ENSG00000285966,1001
ENSG00000285977,1002
ENSG00000286044,1003
ENSG00000286046,1004
ENSG00000286071,1005
ENSG00000286072,1006
ENSG00000286076,1007
ENSG00000286084,1008
ENSG00000286101,1009
ENSG00000286134,1010
ENSG00000286150,1011
ENSG00000286215,1012
ENSG00000286277,1013
ENSG00000286313,1014
ENSG00000286328,1015
ENSG00000286376,1016
ENSG00000286385,1017
ENSG00000286406,1018
ENSG00000286450,1019
ENSG00000286481,1020
ENSG00000286533,1021
ENSG00000286536,1022
ENSG00000286540,1023
ENSG00000286541,1024
ENSG00000286581,1025
ENSG00000286586,1026
ENSG00000286604,1027
ENSG00000286680,1028
ENSG00000286685,1029
ENSG00000286736,1030
ENSG00000286738,1031
ENSG00000286741,1032
ENSG00000286746,1033
ENSG00000286752,1034
ENSG00000286788,1035
ENSG00000286797,1036
ENSG00000286869,1037
ENSG00000286886,1038
ENSG00000287042,1039
ENSG00000287069,1040
ENSG00000287092,1041
ENSG00000287097,1042
ENSG00000287134,1043
ENSG00000287138,1044
ENSG00000287149,1045
ENSG00000287154,1046
ENSG00000287242,1047
ENSG00000287255,1048
ENSG00000287277,1049
ENSG00000287291,1050
ENSG00000287292,1051
ENSG00000287470,1052
ENSG00000287474,1053
ENSG00000287544,1054
ENSG00000287621,1055
ENSG00000287683,1056
ENSG00000287693,1057
ENSG00000287694,1058
ENSG00000287704,1059
ENSG00000287720,1060
ENSG00000287771,1061
ENSG00000287860,1062
ENSG00000287862,1063
ENSG00000287902,1064
ENSG00000287907,1065
ENSG00000287923,1066
ENSG00000287924,1067
ENSG00000288016,1068
ENSG00000288029,1069
ENSG00000288035,1070
ENSG00000288098,1071
ENSG00000288520,1072
ENSG00000288536,1073
ENSG00000288700,1074
ENSG00000288714,1075
ENSG00000288720,1076
ENSG00000288771,1077
ENSG00000288875,1078
ENSG00000288921,1079
ENSG00000288932,1080
ENSG00000288952,1081
ENSG00000289046,1082
ENSG00000289123,1083
ENSG00000289139,1084
ENSG00000289172,1085
ENSG00000289195,1086
ENSG00000289246,1087
ENSG00000289349,1088
ENSG00000289351,1089
ENSG00000289385,1090
ENSG00000289439,1091
ENSG00000289450,1092
ENSG00000289485,1093
ENSG00000289525,1094
ENSG00000289536,1095
ENSG00000289538,1096
ENSG00000289707,1097
ENSG00000289852,1098
ENSG00000289873,1099
ENSG00000289884,1100
ENSG00000289930,1101
ENSG00000289938,1102
ENSG00000289963,1103
ENSG00000290025,1104
ENSG00000290036,1105
ENSG00000290065,1106
ENSG00000290067,1107
ENSG00000290149,1108
ENTPD1,1109
ENTREP1,1110
EOMES,1111
EPB41L3,1112
EPB41L4A,1113
EPB42,1114
EPGN,1115
EPHA1-AS1,1116
EPHA3,1117
EPHA5,1118
EPHA6,1119
EPHA7,1120
EPHB1,1121
ERBB4,1122
ERC2,1123
EREG,1124
ERG,1125
ERI2,1126
ESR1,1127
ESRRG,1128
ETS2,1129
EYA1,1130
EYA4,1131
F10,1132
F13A1,1133
F2RL3,1134
F3,1135
F5,1136
F8,1137
FAAH2,1138
FABP4,1139
FABP5,1140
FAM107A,1141
FAM110D,1142
FAM124B,1143
FAM135B,1144
FAM138D,1145
FAM13C,1146
FAM162B,1147
FAM169A,1148
FAM171A1,1149
FAM177B,1150
FAM20A,1151
FAM227B,1152
FAM30A,1153
FAM3D,1154
FAM83A,1155
FAM83A-AS2,1156
FAM90A20,1157
FAM9C,1158
FAT1,1159
FAT3,1160
FBLN1,1161
FBN1,1162
FBN2,1163
FBP1,1164
FBXL13,1165
FCAR,1166
FCER1G,1167
FCER2,1168
FCGBP,1169
FCGR3A,1170
FCGR3B,1171
FCN1,1172
FCN3,1173
FCRL1,1174
FCRL2,1175
FCRL3,1176
FCRL4P1,1177
FCRL5,1178
FCRL6,1179
FEZF2,1180
FFAR2,1181
FGD4,1182
FGF1,1183
FGF10,1184
FGF10-AS1,1185
FGF12,1186
FGF13,1187
FGF14,1188
FGF2,1189
FGF7,1190
FGFBP1,1191
FGFBP2,1192
FGL2,1193
FHIP1A,1194
FHL1,1195
FHL2,1196
FHL5,1197
FHOD3,1198
FILIP1,1199
FLNA,1200
FLNC,1201
FLRT2,1202
FLT1,1203
FLT3,1204
FMN1,1205
FMN2,1206
FMO2,1207
FMO5,1208
FN1,1209
FNBP1L,1210
FOLR2,1211
FOXC2,1212
FOXP2,1213
FPR1,1214
FPR2,1215
FPR3,1216
FRAS1,1217
FRG1-DT,1218
FRMD3,1219
FRMD4B,1220
FRMD5,1221
FRMPD3,1222
FRMPD4,1223
FRZB,1224
FSIP1,1225
FST,1226
FSTL1,1227
FSTL4,1228
FSTL5,1229
FTLP17,1230
G0S2,1231
GAB1,1232
GABRB2,1233
GABRB3,1234
GABRG3,1235
GADD45G,1236
GALNT13,1237
GALNT14,1238
GALNT15,1239
GALNT17,1240
GALNT18,1241
GALNTL6,1242
GAS1,1243
GAS7,1244
GASK1B,1245
GATA2,1246
GATA6,1247
GBE1,1248
GCA,1249
GCKR,1250
GCNT1,1251
GCNT2,1252
GDAP1,1253
GDF15,1254
GEM,1255
GFPT2,1256
GFRA1,1257
GGT5,1258
GGTA1,1259
GHR,1260
GHRHR,1261
GJA1,1262
GJA4,1263
GJA5,1264
GJC1,1265
GK,1266
GLDN,1267
GLRA2,1268
GLRA3,1269
GLT1D1,1270
GLYATL1,1271
GNA14,1272
GNA14-AS1,1273
GNAI1,1274
GNAI2P2,1275
GNAT3,1276
GNG4,1277
GNG7,1278
GNGT1,1279
GNLY,1280
GOLGA6L2,1281
GPAT3,1282
GPC3,1283
GPC5,1284
GPC6,1285
GPIHBP1,1286
GPM6A,1287
GPNMB,1288
GPR171,1289
GPR26,1290
GPRC5A,1291
GPX3,1292
GRAMD1B,1293
GRAMD1C,1294
GREB1L,1295
GREM2,1296
GRIA1,1297
GRIA2,1298
GRID1,1299
GRID2,1300
GRIK1,1301
GRIK2,1302
GRIK4,1303
GRIN2A,1304
GRIN2B,1305
GRIP1,1306
GRM5,1307
GRM7,1308
GRM7-AS3,1309
GRM8,1310
GSTCD,1311
GTSCR1,1312
GUCY1A1,1313
GUCY1A2,1314
GUCY1B1,1315
GUCY2C-AS1,1316
GUSBP5,1317
GXYLT2,1318
GYG2P1,1319
GYPA,1320
GYPB,1321
GZMA,1322
GZMB,1323
GZMH,1324
GZMK,1325
H1-5,1326
H19,1327
H2AC14,1328
H2AL3,1329
H2AZP4,1330
HAMP,1331
HAND2,1332
HAPLN1,1333
HAS1,1334
HAS2,1335
HBA1,1336
HBA2,1337
HBB,1338
HBD,1339
HBEGF,1340
HBG1,1341
HBM,1342
HBQ1,1343
HCAR2,1344
HCCS-DT,1345
HCFC2P1,1346
HCK,1347
HDAC2-AS2,1348
HDAC9,1349
HDC,1350
HDGFL3P1,1351
HDX,1352
HECW2,1353
HELLPAR,1354
HEMGN,1355
HEPACAM2,1356
HERC2P3,1357
HES1,1358
HES4,1359
HEY1,1360
HGF,1361
HHAT,1362
HHIP,1363
HIGD1B,1364
HISLA,1365
HLA-DQA1,1366
HLA-DQB1,1367
HLA-DRB5,1368
HMCN1,1369
HMGB1P50,1370
HMGB3,1371
HMGCLL1,1372
HMOX1,1373
HNRNPA1P19,1374
HOMER1,1375
HOPX,1376
HP,1377
HPGD,1378
HPGDS,1379
HPSE2,1380
HRH1,1381
HRH3,1382
HRK,1383
HS3ST2,1384
HS3ST3B1,1385
HS3ST5,1386
HS6ST2,1387
HS6ST3,1388
HSPA1A,1389
HSPA1B,1390
HSPA4L,1391
HSPA6,1392
HSPB3,1393
HSPB6,1394
HSPB7,1395
HSPB8,1396
HSPE1P19,1397
HTR1F,1398
HTR5A,1399
HTRA3,1400
HYAL2,1401
IBSP,1402
ICAM1,1403
ID1,1404
ID3,1405
ID4,1406
IDO1,1407
IER3,1408
IFI27,1409
IFI44L,1410
IFIT1B,1411
IFNG,1412
IFNG-AS1,1413
IGF1,1414
IGF2,1415
IGFBP1,1416
IGFBP2,1417
IGFBP3,1418
IGFBP6,1419
IGFBP7,1420
IGFN1,1421
IGHA1,1422
IGHA2,1423
IGHD,1424
IGHE,1425
IGHEP1,1426
IGHG1,1427
IGHG2,1428
IGHG3,1429
IGHG4,1430
IGHGP,1431
IGHM,1432
IGHV1-18,1433
IGHV1-2,1434
IGHV1-24,1435
IGHV1-3,1436
IGHV1-45,1437
IGHV1-46,1438
IGHV1-69,1439
IGHV1-69-2,1440
IGHV1-69D,1441
IGHV2-5,1442
IGHV2-70,1443
IGHV2-70D,1444
IGHV3-11,1445
IGHV3-15,1446
IGHV3-16,1447
IGHV3-19,1448
IGHV3-21,1449
IGHV3-23,1450
IGHV3-30,1451
IGHV3-33,1452
IGHV3-43,1453
IGHV3-48,1454
IGHV3-49,1455
IGHV3-53,1456
IGHV3-64,1457
IGHV3-66,1458
IGHV3-7,1459
IGHV3-72,1460
IGHV3-74,1461
IGHV4-28,1462
IGHV4-34,1463
IGHV4-39,1464
IGHV4-59,1465
IGHV4-61,1466
IGHV5-10-1,1467
IGHV5-51,1468
IGHV6-1,1469
IGHV7-4-1,1470
IGHVII-74-1,1471
IGKC,1472
IGKV1-12,1473
IGKV1-13,1474
IGKV1-16,1475
IGKV1-17,1476
IGKV1-27,1477
IGKV1-39,1478
IGKV1-5,1479
IGKV1-6,1480
IGKV1-9,1481
IGKV1D-13,1482
IGKV1D-17,1483
IGKV1D-27,1484
IGKV2-24,1485
IGKV2-29,1486
IGKV2-30,1487
IGKV2D-24,1488
IGKV2D-26,1489
IGKV2D-29,1490
IGKV3-11,1491
IGKV3-15,1492
IGKV3-20,1493
IGKV4-1,1494
IGKV6-21,1495
IGKV7-3,1496
IGLC2,1497
IGLC3,1498
IGLC6,1499
IGLC7,1500
IGLJ2,1501
IGLL5,1502
IGLV1-40,1503
IGLV1-44,1504
IGLV1-47,1505
IGLV1-51,1506
IGLV10-54,1507
IGLV2-11,1508
IGLV2-14,1509
IGLV2-18,1510
IGLV2-23,1511
IGLV2-28,1512
IGLV2-8,1513
IGLV3-1,1514
IGLV3-10,1515
IGLV3-19,1516
IGLV3-21,1517
IGLV3-25,1518
IGLV3-9,1519
IGLV4-60,1520
IGLV4-69,1521
IGLV5-45,1522
IGLV5-48,1523
IGLV6-57,1524
IGLV7-43,1525
IGLV8-61,1526
IGLV9-49,1527
IGLVI-38,1528
IGSF11,1529
IGSF21,1530
IGSF6,1531
IKZF2,1532
IL10,1533
IL12B,1534
IL12RB2,1535
IL18RAP,1536
IL1B,1537
IL1R1,1538
IL1R2,1539
IL1RAP,1540
IL1RAPL1,1541
IL1RAPL2,1542
IL1RL1,1543
IL1RN,1544
IL2,1545
IL21,1546
IL22,1547
IL2RA,1548
IL6,1549
IL7,1550
IL9RP4,1551
INHBB,1552
INKILN,1553
IPO9-AS1,1554
IQCJ-SCHIP1,1555
IQCM,1556
IRAG1,1557
IRAK3,1558
IRF4,1559
ISG15,1560
ITGA1,1561
ITGA4,1562
ITGA7,1563
ITGA8,1564
ITGA9,1565
ITGA9-AS1,1566
ITGAD,1567
ITGAM,1568
ITGAX,1569
ITGB8,1570
ITGBL1,1571
ITIH5,1572
ITLN1,1573
ITPKC,1574
JADE3,1575
JAG1,1576
JAG2,1577
JAKMIP2,1578
JAM2,1579
JCHAIN,1580
JPH1,1581
KALRN,1582
KAZN,1583
KAZN-AS1,1584
KC6,1585
KCNAB1,1586
KCNB2,1587
KCND2,1588
KCNE4,1589
KCNH5,1590
KCNH7,1591
KCNH8,1592
KCNIP1,1593
KCNIP4,1594
KCNJ15,1595
KCNJ16,1596
KCNJ2,1597
KCNK2,1598
KCNMA1,1599
KCNMB2-AS1,1600
KCNMB4,1601
KCNQ3,1602
KCNQ5,1603
KCNS3,1604
KCNT2,1605
KCTD12,1606
KCTD16,1607
KCTD8,1608
KDR,1609
KHDRBS2,1610
KHDRBS3,1611
KIAA1217,1612
KIAA1549,1613
KIAA1958,1614
KIF14,1615
KIF26B,1616
KIR2DL4,1617
KIR2DS4,1618
KIR3DL1,1619
KIR3DX1,1620
KIRREL3,1621
KIT,1622
KITLG,1623
KLF18,1624
KLHL1,1625
KLHL13,1626
KLHL14,1627
KLHL23,1628
KLHL32,1629
KLHL4,1630
KLHL40,1631
KLHL41,1632
KLKP1,1633
KLRB1,1634
KLRC1,1635
KLRC2,1636
KLRD1,1637
KLRF1,1638
KLRG1,1639
KLRK1-AS1,1640
KMO,1641
KMT2CP4,1642
KNL1,1643
KPNA2P1,1644
KRT1,1645
KRT14,1646
KRT15,1647
KRT17,1648
KRT18,1649
KRT18P65,1650
KRT19,1651
KRT23,1652
KRT4,1653
KRT5,1654
KRT6A,1655
KRT7,1656
KRT8,1657
KRT81,1658
KRT8P24,1659
KRT8P50,1660
KRTAP2-3,1661
KRTDAP,1662
KYNU,1663
LAMA2,1664
LAMA4,1665
LAMB1,1666
LAMC1,1667
LBP,1668
LCE4A,1669
LCN2,1670
LCN6,1671
LDB2,1672
LDB3,1673
LDC1P,1674
LDHC,1675
LDLR,1676
LDLRAD3,1677
LEF1,1678
LEF1-AS1,1679
LEKR1,1680
LETR1,1681
LGI4,1682
LGMN,1683
LGR4,1684
LGR5,1685
LIFR,1686
LIFR-AS1,1687
LILRA5,1688
LILRB5,1689
LIMASI,1690
LIMCH1,1691
LIN7A,1692
LINC00244,1693
LINC00276,1694
LINC00278,1695
LINC00299,1696
LINC00305,1697
LINC00377,1698
LINC00446,1699
LINC00457,1700
LINC00459,1701
LINC00499,1702
LINC00540,1703
LINC00571,1704
LINC00578,1705
LINC00598,1706
LINC00607,1707
LINC00632,1708
LINC00636,1709
LINC00639,1710
LINC00645,1711
LINC00690,1712
LINC00692,1713
LINC00702,1714
LINC00841,1715
LINC00862,1716
LINC00907,1717
LINC00924,1718
LINC00926,1719
LINC00968,1720
LINC00989,1721
LINC01010,1722
LINC01013,1723
LINC01036,1724
LINC01060,1725
LINC01069,1726
LINC01088,1727
LINC01090,1728
LINC01091,1729
LINC01093,1730
LINC01115,1731
LINC01117,1732
LINC01120,1733
LINC01122,1734
LINC01127,1735
LINC01133,1736
LINC01163,1737
LINC01170,1738
LINC01182,1739
LINC01208,1740
LINC01221,1741
LINC01222,1742
LINC01226,1743
LINC01239,1744
LINC01257,1745
LINC01266,1746
LINC01320,1747
LINC01340,1748
LINC01376,1749
LINC01418,1750
LINC01435,1751
LINC01436,1752
LINC01446,1753
LINC01478,1754
LINC01483,1755
LINC01497,1756
LINC01500,1757
LINC01505,1758
LINC01515,1759
LINC01524,1760
LINC01572,1761
LINC01592,1762
LINC01610,1763
LINC01621,1764
LINC01644,1765
LINC01673,1766
LINC01680,1767
LINC01684,1768
LINC01695,1769
LINC01697,1770
LINC01725,1771
LINC01727,1772
LINC01748,1773
LINC01781,1774
LINC01807,1775
LINC01811,1776
LINC01828,1777
LINC01857,1778
LINC01871,1779
LINC01876,1780
LINC01885,1781
LINC01891,1782
LINC01934,1783
LINC01950,1784
LINC01967,1785
LINC02006,1786
LINC02008,1787
LINC02010,1788
LINC02034,1789
LINC02053,1790
LINC02055,1791
LINC02098,1792
LINC02099,1793
LINC02109,1794
LINC02147,1795
LINC02161,1796
LINC02195,1797
LINC02197,1798
LINC02201,1799
LINC02207,1800
LINC02208,1801
LINC02233,1802
LINC02237,1803
LINC02240,1804
LINC02294,1805
LINC02296,1806
LINC02315,1807
LINC02320,1808
LINC02326,1809
LINC02350,1810
LINC02384,1811
LINC02388,1812
LINC02391,1813
LINC02393,1814
LINC02397,1815
LINC02429,1816
LINC02446,1817
LINC02456,1818
LINC02470,1819
LINC02476,1820
LINC02506,1821
LINC02511,1822
LINC02539,1823
LINC02552,1824
LINC02582,1825
LINC02633,1826
LINC02694,1827
LINC02725,1828
LINC02741,1829
LINC02744,1830
LINC02755,1831
LINC02759,1832
LINC02772,1833
LINC02789,1834
LINC02806,1835
LINC02829,1836
LINC02864,1837
LINC02877,1838
LINC02882,1839
LINC02899,1840
LINC02934,1841
LINC02945,1842
LINC02955,1843
LINC02964,1844
LINC02997,1845
LINC03000,1846
LINC03002,1847
LINC03007,1848
LINC03051,1849
LINC03066,1850
LINC03077,1851
LINGO2,1852
LIPC,1853
LIPE,1854
LIPI,1855
LIX1,1856
LIX1-AS1,1857
LMCD1,1858
LMCD1-AS1,1859
LMNTD1,1860
LMO3,1861
LMOD1,1862
LMOD2,1863
LNCAROD,1864
LNX1,1865
LONRF3,1866
LOX,1867
LOXHD1,1868
LOXL2,1869
LPAR1,1870
LPCAT2,1871
LPL,1872
LRATD1,1873
LRFN5,1874
LRG1,1875
LRMDA,1876
LRP1B,1877
LRRC1,1878
LRRC32,1879
LRRC4C,1880
LRRC77P,1881
LRRK2,1882
LRRTM3,1883
LRRTM4,1884
LSAMP,1885
LST1,1886
LTBP2,1887
LTF,1888
LUCAT1,1889
LUM,1890
LUZP2,1891
LVRN,1892
LY6H,1893
LY86,1894
LY86-AS1,1895
LYN,1896
LYPD2,1897
LYPD6B,1898
LYPLAL1-DT,1899
LYVE1,1900
LYZ,1901
LZTFL1,1902
MACC1,1903
MACROD2,1904
MAD2L1-DT,1905
MAFB,1906
MAGEB17,1907
MAGI1,1908
MAILR,1909
MAL2,1910
MALRD1,1911
MAMDC2,1912
MAMDC2-AS1,1913
MAML3,1914
MAN1A2P1,1915
MAP1B,1916
MAP1LC3C,1917
MAP2,1918
MAPK10,1919
MARCHF1,1920
MARCHF3,1921
MARCO,1922
MAST4,1923
MB,1924
MBOAT2,1925
MCAM,1926
MCEMP1,1927
MCF2L2,1928
MCOLN2,1929
MCTP1,1930
MCTP2,1931
MDGA2,1932
MDH1P2,1933
ME1,1934
MECOM,1935
MED12L,1936
MED6P1,1937
MEDAG,1938
MEF2C-AS2,1939
MEG3,1940
MEG8,1941
MEI4,1942
MEIS2,1943
MEIS3P2,1944
MEOX1,1945
MEOX2,1946
MERTK,1947
MET,1948
MFAP4,1949
MFAP5,1950
MGAM,1951
MGAM2,1952
MGAT4C,1953
MID1,1954
MIR100HG,1955
MIR103A2,1956
MIR155HG,1957
MIR181A1HG,1958
MIR181A2HG,1959
MIR199B,1960
MIR205HG,1961
MIR222HG,1962
MIR223HG,1963
MIR3171HG,1964
MIR325HG,1965
MIR3681HG,1966
MIR4300HG,1967
MIR4435-2HG,1968
MIR4527HG,1969
MIR4718,1970
MIR548A1HG,1971
MIR646HG,1972
MIR924HG,1973
MIR99AHG,1974
MITA1,1975
MITF,1976
MKI67,1977
MLIP,1978
MLIP-AS1,1979
MMADHC-DT,1980
MME,1981
MME-AS1,1982
MMP12,1983
MMP16,1984
MMP19,1985
MMP2,1986
MMP2-AS1,1987
MMP3,1988
MMP7,1989
MMP8,1990
MMP9,1991
MMRN1,1992
MMRN2,1993
MMS22L,1994
MNDA,1995
MORC1,1996
MOV10L1,1997
MOXD1,1998
MPEG1,1999
MPHOSPH10P1,2000
MPO,2001
MPPED2,2002
MRC1,2003
MRGPRX2,2004
MROH8,2005
MROH9,2006
MRPL1,2007
MRPS35-DT,2008
MS4A1,2009
MS4A18,2010
MS4A2,2011
MS4A3,2012
MS4A4A,2013
MS4A4E,2014
MS4A6A,2015
MS4A6E,2016
MS4A7,2017
MSC-AS1,2018
MSLN,2019
MSR1,2020
MT-RNR1,2021
MT-TA,2022
MT-TM,2023
MT-TN,2024
MT-TP,2025
MT1A,2026
MT1E,2027
MT1G,2028
MT1H,2029
MT1L,2030
MT1M,2031
MT1X,2032
MTCO1P53,2033
MTCO3P24,2034
MTCYBP23,2035
MTND1P15,2036
MTND5P32,2037
MTND6P11,2038
MTND6P15,2039
MTUS2,2040
MUC15,2041
MUC16,2042
MUC4,2043
MUSK,2044
MYB,2045
MYBL1,2046
MYBPC1,2047
MYBPH,2048
MYCT1,2049
MYF6,2050
MYH1,2051
MYH10,2052
MYH11,2053
MYH2,2054
MYH6,2055
MYL1,2056
MYL11,2057
MYL2,2058
MYL9,2059
MYLK,2060
MYLK3,2061
MYO10,2062
MYO16,2063
MYO18B,2064
MYO18B-AS1,2065
MYO1B,2066
MYO1E,2067
MYO1F,2068
MYO3B,2069
MYO5BP1,2070
MYO5C,2071
MYOC,2072
MYOCD,2073
MYOM1,2074
MYOM2,2075
MYOSLID-AS1,2076
MYOT,2077
MYOZ1,2078
MYPN,2079
MYRIP,2080
MZB1,2081
Metazoa_SRP,2082
NAA11,2083
NAALADL2,2084
NALCN,2085
NALCN-AS1,2086
NALF1,2087
NAMPT,2088
NAT16,2089
NAV2,2090
NAV3,2091
NCALD,2092
NCAM1,2093
NCAM2,2094
NCF2,2095
NCKAP5,2096
NCKAP5-AS2,2097
NCR1,2098
NDST3,2099
NDST4,2100
NDUFA3P3,2101
NDUFA4L2,2102
NEB,2103
NEBL,2104
NEDD4L,2105
NEFL,2106
NEFM,2107
NEGR1,2108
NEK10,2109
NELL1,2110
NELL2,2111
NEPRO-AS1,2112
NES,2113
NET1,2114
NETO1,2115
NETO2,2116
NEURL1B,2117
NEXMIF,2118
NEXN,2119
NFASC,2120
NFE2,2121
NFE4,2122
NFKBID,2123
NGF,2124
NHERF2,2125
NHP2P2,2126
NHS,2127
NIBAN1,2128
NIBAN3,2129
NID1,2130
NIPAL1,2131
NKAIN2,2132
NKAIN3,2133
NKG7,2134
NLGN1,2135
NLGN4X,2136
NLGN4Y,2137
NLRC4,2138
NME5,2139
NMNAT2,2140
NMRAL2P,2141
NNAT,2142
NOL4,2143
NOS1AP,2144
NOSTRIN,2145
NOTCH3,2146
NOTCH4,2147
NOVA1,2148
NOX4,2149
NOX5,2150
NPAS2,2151
NPAS3,2152
NPHS1,2153
NPL,2154
NPM1P13,2155
NPM1P52,2156
NPPB,2157
NPPC,2158
NPSR1-AS1,2159
NPY,2160
NR2F1,2161
NR2F1-AS1,2162
NR2F2,2163
NR2F2-AS1,2164
NR4A3,2165
NR5A2,2166
NR6A1,2167
NRAP,2168
NRBF2P1,2169
NRCAM,2170
NRG1,2171
NRG2,2172
NRG3,2173
NRN1,2174
NRP1,2175
NRP2,2176
NRXN1,2177
NRXN1-DT,2178
NRXN3,2179
NSUN7,2180
NT5DC4,2181
NTM,2182
NTN1,2183
NTN4,2184
NTNG1,2185
NTRK3,2186
NTS,2187
NUAK1,2188
NUP58P1,2189
NYAP2,2190
OBI1-AS1,2191
OFCC1,2192
OGN,2193
OLFM1,2194
OLFM4,2195
OLR1,2196
OPCML,2197
OPN4,2198
OPRM1,2199
OR10AE3P,2200
OR10Y1P,2201
OR1D3P,2202
OR2B3,2203
OR2F1,2204
OR2H4P,2205
OR2T7,2206
OR4D10,2207
OR4M2-OT1,2208
OR51A4,2209
OR52I2,2210
OR52K3P,2211
OR5M3,2212
OR6T1,2213
OR7A15P,2214
OR8B1P,2215
OR8G2P,2216
ORM1,2217
OSBPL10,2218
OSBPL6,2219
OSMR,2220
OSR2,2221
OTX2-AS1,2222
OVCH1-AS1,2223
OXR1-AS1,2224
P2RX5,2225
P2RY12,2226
P2RY13,2227
P2RY14,2228
P3H2,2229
PACRG,2230
PADI4,2231
PAGE3,2232
PALD1,2233
PALLD,2234
PALMD,2235
PAMR1,2236
PAPPA,2237
PAPPA2,2238
PAPSS2,2239
PARM1,2240
PAX5,2241
PCBP3,2242
PCDH10,2243
PCDH11X,2244
PCDH11Y,2245
PCDH15,2246
PCDH17,2247
PCDH19,2248
PCDH7,2249
PCDH9,2250
PCDH9-AS2,2251
PCDHA2,2252
PCK1,2253
PCLO,2254
PCNX4-DT,2255
PCOLCE2,2256
PCP4,2257
PCSK5,2258
PCSK6,2259
PDE10A,2260
PDE1A,2261
PDE1C,2262
PDE3A,2263
PDE7B,2264
PDE7B-AS1,2265
PDGFB,2266
PDGFC,2267
PDGFD,2268
PDGFDDN,2269
PDK4,2270
PDK4-AS1,2271
PDLIM3,2272
PDPN,2273
PDZD2,2274
PDZRN3,2275
PDZRN4,2276
PECAM1,2277
PEG10,2278
PELATON,2279
PERP,2280
PEX5L,2281
PFN4,2282
PGAP1,2283
PGBD4P8,2284
PGF,2285
PGLYRP1,2286
PGM5,2287
PHEX,2288
PHLDA1,2289
PHLDA2,2290
PHLDB2,2291
PI15,2292
PI16,2293
PID1,2294
PIEZO2,2295
PIK3C2G,2296
PIK3R3,2297
PISRT1,2298
PITPNM2,2299
PKD1L1,2300
PKD1L2,2301
PKHD1L1,2302
PKIA,2303
PKIA-AS1,2304
PKIB,2305
PKN2-AS1,2306
PKP1,2307
PKP2,2308
PLA1A,2309
PLA2G2A,2310
PLA2G4A,2311
PLA2G5,2312
PLA2G7,2313
PLAT,2314
PLAUR,2315
PLCB4,2316
PLCE1,2317
PLCH1,2318
PLCH1-AS1,2319
PLCXD3,2320
PLD5,2321
PLEK,2322
PLEKHG1,2323
PLEKHG7,2324
PLEKHH2,2325
PLN,2326
PLOD2,2327
PLP1,2328
PLPP1,2329
PLPP3,2330
PLPP7,2331
PLPPR5,2332
PLSCR2,2333
PLSCR4,2334
PLTP,2335
PLVAP,2336
PLXDC2,2337
PLXNA2,2338
PLXNA4,2339
PMCH,2340
PMP2,2341
PODN,2342
PODXL,2343
POF1B,2344
POSTN,2345
POT1-AS1,2346
POU4F2,2347
POU6F2,2348
PPARG,2349
PPBP,2350
PPDPFL,2351
PPFIA2,2352
PPFIBP1,2353
PPM1E,2354
PPM1H,2355
PPM1L,2356
PPP1R14A,2357
PPP1R2C,2358
PPP1R3A,2359
PPP1R9A,2360
PPP1R9A-AS1,2361
PPP2R2B,2362
PRAMEF10,2363
PRANCR,2364
PRELID2,2365
PRELP,2366
PREX2,2367
PRF1,2368
PRG4,2369
PRICKLE1,2370
PRICKLE2,2371
PRKAR2B,2372
PRKAR2B-AS1,2373
PRKG1,2374
PRL,2375
PRLR,2376
PRNT,2377
PROK1,2378
PROK2,2379
PROM1,2380
PROX1,2381
PROX1-AS1,2382
PRR16,2383
PRTN3,2384
PRUNE2,2385
PSG11-AS1,2386
PSLNR,2387
PSMC2P1,2388
PSTPIP2,2389
PTCHD4,2390
PTGDS,2391
PTGER3,2392
PTGIS,2393
PTGS2,2394
PTN,2395
PTP4A3,2396
PTPN11P4,2397
PTPN13,2398
PTPRB,2399
PTPRD,2400
PTPRR,2401
PTPRT,2402
PTX3,2403
PWRN1,2404
PXDNL,2405
PYGL,2406
PZP,2407
QRFPR,2408
RAB20,2409
RAB27B,2410
RAB31,2411
RAB3C,2412
RAB5CP2,2413
RAC1P8,2414
RAD54L2P1,2415
RAI14,2416
RALGPS2,2417
RALYL,2418
RAMP1,2419
RAMP3,2420
RANBP17,2421
RANBP3L,2422
RAP1GAP2,2423
RAPGEF3,2424
RAPGEF4,2425
RAPGEF4-AS1,2426
RAPGEF5,2427
RARB,2428
RARRES1,2429
RARRES2,2430
RASAL2,2431
RASD1,2432
RASGRP3,2433
RASIP1,2434
RASL11A,2435
RASSF4,2436
RASSF6,2437
RASSF8,2438
RBBP8,2439
RBFOX1,2440
RBM20,2441
RBM47,2442
RBM48P1,2443
RBMXP3,2444
RBP7,2445
RBPJ,2446
RCAN2,2447
RDH10-AS1,2448
RELN,2449
REPIN1-AS1,2450
REPS2,2451
RERG,2452
RERGL,2453
RETN,2454
RFX2,2455
RGCC,2456
RGL1,2457
RGL3,2458
RGS1,2459
RGS13,2460
RGS16,2461
RGS18,2462
RGS2,2463
RGS5,2464
RGS5-AS1,2465
RGS6,2466
RGS7,2467
RHAG,2468
RHCG,2469
RHEX,2470
RHOJ,2471
RHOU,2472
RIMKLB,2473
RIMS1,2474
RIMS2,2475
RMDN2-AS1,2476
RMST,2477
RN7SKP10,2478
RN7SKP118,2479
RN7SKP172,2480
RN7SKP262,2481
RN7SKP51,2482
RN7SL163P,2483
RN7SL193P,2484
RN7SL342P,2485
RN7SL461P,2486
RN7SL601P,2487
RN7SL622P,2488
RN7SL822P,2489
RNA5SP207,2490
RNASE1,2491
RNASE2,2492
RNASE3,2493
RND3,2494
RNF144B,2495
RNF150,2496
RNF152,2497
RNF175,2498
RNF217,2499
RNF217-AS1,2500
RNF24,2501
RNLS,2502
RNU1-88P,2503
RNU2-60P,2504
RNU4ATAC9P,2505
RNU5F-3P,2506
RNU6-1205P,2507
RNU6-1297P,2508
RNU6-1335P,2509
RNU6ATAC,2510
RNU7-179P,2511
RNVU1-25,2512
RNY4P30,2513
ROBO2,2514
ROBO4,2515
ROR1,2516
ROR2,2517
RORB,2518
RPF2P1,2519
RPH3A,2520
RPH3AL-AS1,2521
RPL13AP13,2522
RPL14P2,2523
RPL21P6,2524
RPL23AP20,2525
RPL23AP76,2526
RPL34-DT,2527
RPL35AP15,2528
RPL35P8,2529
RPS12,2530
RPSAP63,2531
RRAD,2532
RRAGC-DT,2533
RRBP1P2,2534
RRM2,2535
RSPO3,2536
RTKN2,2537
RTN1,2538
RUBCNL,2539
RUNDC3B,2540
RUNX2,2541
RXFP1,2542
RYR2,2543
RYR3,2544
S100A1,2545
S100A12,2546
S100A14,2547
S100A2,2548
S100A8,2549
S100A9,2550
S100B,2551
S100P,2552
S100Z,2553
SAA1,2554
SAA2,2555
SAA2-SAA4,2556
SAMD12-AS1,2557
SAMD3,2558
SAMMSON,2559
SAMSN1-AS1,2560
SAR1AP2,2561
SATB1-AS1,2562
SBSN,2563
SCARA5,2564
SCARB1,2565
SCG3,2566
SCGB2A1,2567
SCGN,2568
SCHLAP1,2569
SCIMP,2570
SCIN,2571
SCN1A-AS1,2572
SCN2A,2573
SCN3A,2574
SCN3B,2575
SCN7A,2576
SCN9A,2577
SCNN1B,2578
SDC2,2579
SDK1,2580
SELE,2581
SELENOP,2582
SELP,2583
SEMA3A,2584
SEMA3C,2585
SEMA3D,2586
SEMA3E,2587
SEMA3G,2588
SEMA4A,2589
SEMA5A,2590
SEMA6D,2591
SEPTIN12,2592
SERPINA1,2593
SERPINA7,2594
SERPINB10,2595
SERPINB12,2596
SERPINB2,2597
SERPINB3,2598
SERPINB4,2599
SERPINB7,2600
SERPINE1,2601
SERPINE2,2602
SFRP1,2603
SFRP2,2604
SFRP4,2605
SGCD,2606
SGCG,2607
SGCZ,2608
SGIP1,2609
SGMS2,2610
SGO1-AS1,2611
SGPP2,2612
SH2D1B,2613
SH3BGRL2,2614
SH3PXD2B,2615
SH3RF2,2616
SH3TC2-DT,2617
SHANK2,2618
SHANK3,2619
SHH,2620
SHISA6,2621
SHISA9,2622
SHOC1,2623
SHROOM3,2624
SHROOM4,2625
SIGLEC1,2626
SLAMF1,2627
SLC11A1,2628
SLC14A1,2629
SLC16A10,2630
SLC16A12,2631
SLC1A1,2632
SLC1A3,2633
SLC1A7,2634
SLC22A15,2635
SLC22A3,2636
SLC24A2,2637
SLC24A3,2638
SLC25A21,2639
SLC25A37,2640
SLC25A4,2641
SLC26A5,2642
SLC26A5-AS1,2643
SLC26A7,2644
SLC27A6,2645
SLC2A5,2646
SLC30A8,2647
SLC34A2,2648
SLC35F1,2649
SLC35F3,2650
SLC35F4,2651
SLC38A11,2652
SLC38A4-AS1,2653
SLC39A14,2654
SLC40A1,2655
SLC41A2,2656
SLC44A5,2657
SLC4A1,2658
SLC4A10,2659
SLC4A4,2660
SLC5A4-AS1,2661
SLC5A8,2662
SLC6A6,2663
SLC7A11,2664
SLC7A2,2665
SLC8A1,2666
SLC8A1-AS1,2667
SLC8A3,2668
SLC9A7,2669
SLC9B1,2670
SLC9C1,2671
SLCO1A2,2672
SLCO2A1,2673
SLCO2B1,2674
SLCO4C1,2675
SLCO5A1,2676
SLIT2,2677
SLIT3,2678
SLITRK5,2679
SLN,2680
SLPI,2681
SMAD1,2682
SMAD6,2683
SMAD9,2684
SMC4,2685
SMIM43,2686
SMOC2,2687
SMPX,2688
SMTN,2689
SNAP25,2690
SNAP25-AS1,2691
SNAP91,2692
SNCA,2693
SNCAIP,2694
SNCG,2695
SNED1-AS1,2696
SNHG31,2697
SNORD100,2698
SNORD113-5,2699
SNORD65B,2700
SNTG1,2701
SNTG2,2702
SNX10,2703
SNX31,2704
SOCS2,2705
SOD3,2706
SORBS1,2707
SORBS2,2708
SORCS1,2709
SORCS2,2710
SORCS3,2711
SORT1,2712
SOX17,2713
SOX18,2714
SOX2-OT,2715
SOX4,2716
SOX6,2717
SPAAR,2718
SPACA6,2719
SPANXA2-OT1,2720
SPARCL1,2721
SPATA31A1,2722
SPATA31D4,2723
SPC25,2724
SPECC1,2725
SPECC1P1,2726
SPEF2,2727
SPINK5,2728
SPNS2,2729
SPOCK1,2730
SPOCK3,2731
SPON1,2732
SPP1,2733
SPRED1,2734
SPRR1A,2735
SPRR1B,2736
SPRR2F,2737
SPRR2G,2738
SPRY1,2739
SPRY4-AS1,2740
SPTA1,2741
SPTB,2742
SRD5A2,2743
SRGAP3,2744
SSPN,2745
SSUH2,2746
ST6GALNAC5,2747
ST8SIA1,2748
ST8SIA6,2749
ST8SIA6-AS1,2750
STAB1,2751
STAB2,2752
STAG3,2753
STAP1,2754
STARD13-AS,2755
STARD4-AS1,2756
STC1,2757
STEAP1B,2758
STEAP4,2759
STK32B,2760
STK33,2761
STOX2,2762
STPG2,2763
STRIT1,2764
STS,2765
STXBP5-AS1,2766
STXBP5L,2767
STYK1,2768
SUCNR1,2769
SUGCT,2770
SULF1,2771
SULT1E1,2772
SV2B,2773
SVEP1,2774
SYK,2775
SYN2,2776
SYN3,2777
SYNM,2778
SYNPO2,2779
SYNPR,2780
SYT1,2781
TAC1,2782
TACR1,2783
TACSTD2,2784
TAF12-DT,2785
TAFA1,2786
TAFA2,2787
TAGLN,2788
TANC1,2789
TANK-AS1,2790
TARM1,2791
TBX15,2792
TBX2,2793
TBX20,2794
TBX3,2795
TBXAS1,2796
TCAP,2797
TCF15,2798
TCF4-AS1,2799
TCHH,2800
TCIM,2801
TCL1A,2802
TDO2,2803
TEK,2804
TENM2,2805
TENM3,2806
TENM4,2807
TEX14,2808
TEX26-AS1,2809
TEX41,2810
TEX9,2811
TFAP2B,2812
TFEC,2813
TFF3,2814
TFPI2,2815
TGFBI,2816
TGM2,2817
THAP3P1,2818
THBD,2819
THBS1,2820
THBS2,2821
THBS4,2822
THRB,2823
THRB-AS2,2824
THSD4,2825
THSD7A,2826
THSD7B,2827
THY1,2828
TIE1,2829
TIGIT,2830
TIMD4,2831
TIMP1,2832
TIMP4,2833
TINAGL1,2834
TLL1,2835
TLR2,2836
TM4SF1,2837
TM4SF18,2838
TMCC2,2839
TMCC3,2840
TMEFF2,2841
TMEM100,2842
TMEM108,2843
TMEM132C,2844
TMEM132D,2845
TMEM163,2846
TMEM164,2847
TMEM176B,2848
TMEM178B,2849
TMEM232,2850
TMEM233,2851
TMEM72-AS1,2852
TMEM88,2853
TMIGD3,2854
TMLHE-AS1,2855
TMTC1,2856
TNC,2857
TNF,2858
TNFAIP6,2859
TNFRSF12A,2860
TNFRSF13B,2861
TNFRSF4,2862
TNFRSF9,2863
TNFSF11,2864
TNIP3,2865
TNNC1,2866
TNNC2,2867
TNNI2,2868
TNNI3,2869
TNNT1,2870
TNNT2,2871
TNNT3,2872
TNR,2873
TOP2A,2874
TOX,2875
TOX2,2876
TOX3,2877
TP63,2878
TPD52L1,2879
TPM1,2880
TPM2,2881
TPM3P8,2882
TPO,2883
TPRG1,2884
TPSAB1,2885
TPSB2,2886
TPSD1,2887
TRAV6,2888
TRBV1,2889
TRBV14,2890
TRBV23-1,2891
TRBV28,2892
TRD-AS1,2893
TRDC,2894
TRDN,2895
TRDN-AS1,2896
TRDV3,2897
TREM1,2898
TREM2,2899
TRG-AS1,2900
TRGC2,2901
TRHDE,2902
TRIM51CP,2903
TRIM51FP,2904
TRIM58,2905
TRIM59-IFT80,2906
TRIM60P14,2907
TRIM63,2908
TRIM69,2909
TRNT1P1,2910
TRPC4,2911
TRPC6,2912
TRPM3,2913
TRPM6,2914
TSBP1,2915
TSBP1-AS1,2916
TSHR,2917
TSPAN13,2918
TSPAN7,2919
TSPAN8,2920
TSPO2,2921
TTC29,2922
TTN,2923
TTTY14,2924
TUSC3,2925
TYROBP,2926
UBA6-DT,2927
UBE2QL1,2928
UBFD1P1,2929
UFL1-AS1,2930
UGT1A6,2931
UGT2B26P,2932
UGT2B28,2933
UMODL1,2934
UNC13C,2935
UNC5C,2936
UNC5D,2937
UPK3B,2938
USH2A,2939
VCAM1,2940
VCAN,2941
VCAN-AS1,2942
VEGFC,2943
VIPR2,2944
VN1R32P,2945
VN1R4,2946
VN1R68P,2947
VNN1,2948
VNN2,2949
VNN3P,2950
VPREB3,2951
VSIG4,2952
VTRNA1-3,2953
VWA1,2954
VWA2,2955
VWC2L,2956
VWF,2957
WARS1,2958
WDFY4,2959
WEE1P2,2960
WFDC1,2961
WFDC2,2962
WFDC21P,2963
WT1,2964
WWC1,2965
XACT,2966
XBP1,2967
XCL1,2968
XCL2,2969
XIRP1,2970
XIRP2,2971
XKR4,2972
Y_RNA,2973
ZBTB7C,2974
ZCCHC12,2975
ZDHHC14,2976
ZDHHC19,2977
ZEB1-AS1,2978
ZEB2,2979
ZFHX3,2980
ZMAT4,2981
ZNF215,2982
ZNF299P,2983
ZNF366,2984
ZNF385B,2985
ZNF385D,2986
ZNF536,2987
ZNF594-DT,2988
ZNF608,2989
ZNF80,2990
ZNF804A,2991
ZNF804B,2992
ZRANB2-DT,2993
ZSWIM4,2994
ZSWIM5,2995
